<?xml version="1.0" encoding="UTF-8"?>
<project-private xmlns="http://www.netbeans.org/ns/project-private/1">
    <editor-bookmarks xmlns="http://www.netbeans.org/ns/editor-bookmarks/2" lastBookmarkId="0"/>
    <open-files xmlns="http://www.netbeans.org/ns/projectui-open-files/2">
        <group>
            <file>file:/C:/Users/ASUS/Documents/NetBeansProjects/InnovaAqp/src/java/Controlador/Usuarios/ValidateCode.java</file>
            <file>file:/C:/Users/ASUS/Documents/NetBeansProjects/InnovaAqp/web/vistas/administrador/listarActualizar/listarAccesorios.jsp</file>
            <file>file:/C:/Users/ASUS/Documents/NetBeansProjects/InnovaAqp/web/assets/css/style1.css</file>
            <file>file:/C:/Users/ASUS/Documents/NetBeansProjects/InnovaAqp/web/index.jsp</file>
            <file>file:/C:/Users/ASUS/Documents/NetBeansProjects/InnovaAqp/src/java/Modelo/Accesorio.java</file>
            <file>file:/C:/Users/ASUS/Documents/NetBeansProjects/InnovaAqp/web/login.jsp</file>
            <file>file:/C:/Users/ASUS/Documents/NetBeansProjects/InnovaAqp/src/java/Controlador/Tecnicos/RegistroTecnico.java</file>
            <file>file:/C:/Users/ASUS/Documents/NetBeansProjects/InnovaAqp/src/java/Controlador/Accesorios/RegistroAccesorios.java</file>
            <file>file:/C:/Users/ASUS/Documents/NetBeansProjects/InnovaAqp/src/java/Controlador/Usuarios/ContactUs.java</file>
            <file>file:/C:/Users/ASUS/Documents/NetBeansProjects/InnovaAqp/web/vistas/usuario/contactanos.jsp</file>
            <file>file:/C:/Users/ASUS/Documents/NetBeansProjects/InnovaAqp/src/java/Controlador/Usuarios/RegistroUsuario.java</file>
            <file>file:/C:/Users/ASUS/Documents/NetBeansProjects/InnovaAqp/src/java/Controlador/GestionarUsuarios.java</file>
            <file>file:/C:/Users/ASUS/Documents/NetBeansProjects/InnovaAqp/web/vistas/usuario/servicios.jsp</file>
            <file>file:/C:/Users/ASUS/Documents/NetBeansProjects/InnovaAqp/src/java/Modelo/Dao/DaoUsuario.java</file>
            <file>file:/C:/Users/ASUS/Documents/NetBeansProjects/InnovaAqp/src/java/Controlador/Accesorios/ActualizarAccesorio.java</file>
            <file>file:/C:/Users/ASUS/Documents/NetBeansProjects/InnovaAqp/src/java/Controlador/Usuarios/Login.java</file>
            <file>file:/C:/Users/ASUS/Documents/NetBeansProjects/InnovaAqp/web/nuevaContrasena.jsp</file>
            <file>file:/C:/Users/ASUS/Documents/NetBeansProjects/InnovaAqp/src/java/Modelo/Dao/DaoAccesorios.java</file>
            <file>file:/C:/Users/ASUS/Documents/NetBeansProjects/InnovaAqp/web/vistas/header.jsp</file>
            <file>file:/C:/Users/ASUS/Documents/NetBeansProjects/InnovaAqp/src/java/Controlador/Tecnicos/ListarTecnicos.java</file>
            <file>file:/C:/Users/ASUS/Documents/NetBeansProjects/InnovaAqp/web/validarCodigoRecuperacion.jsp</file>
            <file>file:/C:/Users/ASUS/Documents/NetBeansProjects/InnovaAqp/src/java/Modelo/Usuario.java</file>
            <file>file:/C:/Users/ASUS/Documents/NetBeansProjects/InnovaAqp/src/java/Modelo/Equipo.java</file>
            <file>file:/C:/Users/ASUS/Documents/NetBeansProjects/InnovaAqp/src/java/Modelo/Dao/Conexion.java</file>
            <file>file:/C:/Users/ASUS/Documents/NetBeansProjects/InnovaAqp/web/assets/css/innova.css</file>
            <file>file:/C:/Users/ASUS/Documents/NetBeansProjects/InnovaAqp/src/java/Controlador/Accesorios/BuscarAccesorio.java</file>
            <file>file:/C:/Users/ASUS/Documents/NetBeansProjects/InnovaAqp/src/java/Controlador/Accesorios/EditarAccesorio.java</file>
            <file>file:/C:/Users/ASUS/Documents/NetBeansProjects/InnovaAqp/web/vistas/administrador/reportes/reporteXtecnico.jsp</file>
            <file>file:/C:/Users/ASUS/Documents/NetBeansProjects/InnovaAqp/src/java/Controlador/Usuarios/ForgotPassword.java</file>
            <file>file:/C:/Users/ASUS/Documents/NetBeansProjects/InnovaAqp/web/vistas/footer.jsp</file>
            <file>file:/C:/Users/ASUS/Documents/NetBeansProjects/InnovaAqp/src/java/Modelo/Tecnico.java</file>
            <file>file:/C:/Users/ASUS/Documents/NetBeansProjects/InnovaAqp/web/vistas/administrador/registrarAccesorio.jsp</file>
            <file>file:/C:/Users/ASUS/Documents/NetBeansProjects/InnovaAqp/src/java/Controlador/Usuarios/RegistrarEquipo.java</file>
            <file>file:/C:/Users/ASUS/Documents/NetBeansProjects/InnovaAqp/web/assets/images/innova-footer.png</file>
            <file>file:/C:/Users/ASUS/Documents/NetBeansProjects/InnovaAqp/src/java/Modelo/Dao/DaoEquipo.java</file>
            <file>file:/C:/Users/ASUS/Documents/NetBeansProjects/InnovaAqp/src/java/Controlador/Usuarios/Logout.java</file>
            <file>file:/C:/Users/ASUS/Documents/NetBeansProjects/InnovaAqp/web/vistas/administrador/listarActualizar/actualizarAccesorio.jsp</file>
            <file>file:/C:/Users/ASUS/Documents/NetBeansProjects/InnovaAqp/web/WEB-INF/web.xml</file>
            <file>file:/C:/Users/ASUS/Documents/NetBeansProjects/InnovaAqp/src/java/Controlador/Usuarios/SetNewPassword.java</file>
            <file>file:/C:/Users/ASUS/Documents/NetBeansProjects/InnovaAqp/web/vistas/tecnico/index-tecnico.jsp</file>
            <file>file:/C:/Users/ASUS/Documents/NetBeansProjects/InnovaAqp/src/java/Modelo/EnviarEmail.java</file>
            <file>file:/C:/Users/ASUS/Documents/NetBeansProjects/InnovaAqp/src/java/Controlador/GestionAccesorios.java</file>
            <file>file:/C:/Users/ASUS/Documents/NetBeansProjects/InnovaAqp/web/recuperar.jsp</file>
            <file>file:/C:/Users/ASUS/Documents/NetBeansProjects/InnovaAqp/src/java/Controlador/Tecnicos/BusquedaTecnico.java</file>
            <file>file:/C:/Users/ASUS/Documents/NetBeansProjects/InnovaAqp/web/registrarse.jsp</file>
            <file>file:/C:/Users/ASUS/Documents/NetBeansProjects/InnovaAqp/web/vistas/administrador/reportes/generarReporte.jsp</file>
            <file>file:/C:/Users/ASUS/Documents/NetBeansProjects/InnovaAqp/web/assets/js/jquery.js</file>
            <file>file:/C:/Users/ASUS/Documents/NetBeansProjects/InnovaAqp/web/vistas/administrador/index-admin.jsp</file>
            <file>file:/C:/Users/ASUS/Documents/NetBeansProjects/InnovaAqp/web/vistas/administrador/registrarTecnico.jsp</file>
            <file>file:/C:/Users/ASUS/Documents/NetBeansProjects/InnovaAqp/src/java/Controlador/Accesorios/ListarAccesorios.java</file>
        </group>
    </open-files>
</project-private>
